ip,time
1.1.1.1,2024-03-01 00:00:00
1.1.1.1,2024-03-01 01:00:00
1.1.1.1,2024-03-01 02:00:00
1.1.1.1,2024-03-01 03:00:00
1.1.1.1,2024-03-01 04:00:00
1.1.1.1,2024-03-01 05:00:00
1.1.1.1,2024-03-01 06:00:00
1.1.1.1,2024-03-01 07:00:00
1.1.1.1,2024-03-01 08:00:00
1.1.1.1,2024-03-01 09:00:00
1.1.1.1,2024-03-01 10:00:00
1.1.1.1,2024-03-01 11:00:00
1.1.1.1,2024-03-01 12:00:00
1.1.1.1,2024-03-01 13:00:00
1.1.1.1,2024-03-01 14:00:00
1.1.1.1,2024-03-01 15:00:00
1.1.1.1,2024-03-01 16:00:00
1.1.1.1,2024-03-01 17:00:00
1.1.1.1,2024-03-01 18:00:00
1.1.1.1,2024-03-01 19:00:00
1.1.1.1,2024-03-01 20:00:00
1.1.1.1,2024-03-01 21:00:00
1.1.1.1,2024-03-01 22:00:00
1.1.1.1,2024-03-01 23:00:00
1.1.1.1,2024-03-02 00:00:00
1.1.1.1,2024-03-02 01:00:00
1.1.1.1,2024-03-02 02:00:00
1.1.1.1,2024-03-02 03:00:00
1.1.1.1,2024-03-02 04:00:00
1.1.1.1,2024-03-02 05:00:00
1.1.1.1,2024-03-02 06:00:00
1.1.1.1,2024-03-02 07:00:00
1.1.1.1,2024-03-02 08:00:00
1.1.1.1,2024-03-02 09:00:00
1.1.1.1,2024-03-02 10:00:00
1.1.1.1,2024-03-02 11:00:00
1.1.1.1,2024-03-02 12:00:00
1.1.1.1,2024-03-02 13:00:00
1.1.1.1,2024-03-02 14:00:00
1.1.1.1,2024-03-02 15:00:00
1.1.1.1,2024-03-02 16:00:00
1.1.1.1,2024-03-02 17:00:00
1.1.1.1,2024-03-02 18:00:00
1.1.1.1,2024-03-02 19:00:00
1.1.1.1,2024-03-02 20:00:00
1.1.1.1,2024-03-02 21:00:00
1.1.1.1,2024-03-02 22:00:00
1.1.1.1,2024-03-02 23:00:00
1.1.1.1,2024-03-03 00:00:00
1.1.1.1,2024-03-03 01:00:00
1.1.1.1,2024-03-03 02:00:00
1.1.1.1,2024-03-03 03:00:00
1.1.1.1,2024-03-03 04:00:00
1.1.1.1,2024-03-03 05:00:00
1.1.1.1,2024-03-03 06:00:00
1.1.1.1,2024-03-03 07:00:00
1.1.1.1,2024-03-03 08:00:00
1.1.1.1,2024-03-03 09:00:00
1.1.1.1,2024-03-03 10:00:00
1.1.1.1,2024-03-03 11:00:00
1.1.1.1,2024-03-03 12:00:00
1.1.1.1,2024-03-03 13:00:00
1.1.1.1,2024-03-03 14:00:00
1.1.1.1,2024-03-03 15:00:00
1.1.1.1,2024-03-03 16:00:00
1.1.1.1,2024-03-03 17:00:00
1.1.1.1,2024-03-03 18:00:00
1.1.1.1,2024-03-03 19:00:00
1.1.1.1,2024-03-03 20:00:00
1.1.1.1,2024-03-03 21:00:00
1.1.1.1,2024-03-03 22:00:00
1.1.1.1,2024-03-03 23:00:00
1.1.1.1,2024-03-04 00:00:00
1.1.1.1,2024-03-04 01:00:00
1.1.1.1,2024-03-04 02:00:00
1.1.1.1,2024-03-04 03:00:00
1.1.1.1,2024-03-04 04:00:00
1.1.1.1,2024-03-04 05:00:00
1.1.1.1,2024-03-04 06:00:00
1.1.1.1,2024-03-04 07:00:00
1.1.1.1,2024-03-04 08:00:00
1.1.1.1,2024-03-04 09:00:00
1.1.1.1,2024-03-04 10:00:00
1.1.1.1,2024-03-04 11:00:00
1.1.1.1,2024-03-04 12:00:00
1.1.1.1,2024-03-04 13:00:00
1.1.1.1,2024-03-04 14:00:00
1.1.1.1,2024-03-04 15:00:00
1.1.1.1,2024-03-04 16:00:00
1.1.1.1,2024-03-04 17:00:00
1.1.1.1,2024-03-04 18:00:00
1.1.1.1,2024-03-04 19:00:00
1.1.1.1,2024-03-04 20:00:00
1.1.1.1,2024-03-04 21:00:00
1.1.1.1,2024-03-04 22:00:00
1.1.1.1,2024-03-04 23:00:00
1.1.1.1,2024-03-05 00:00:00
1.1.1.1,2024-03-05 01:00:00
1.1.1.1,2024-03-05 02:00:00
1.1.1.1,2024-03-05 03:00:00
1.1.1.2,2024-03-01 00:00:00
1.1.1.2,2024-03-01 00:00:03
1.1.1.2,2024-03-01 00:00:06
1.1.1.2,2024-03-01 00:00:09
1.1.1.2,2024-03-01 00:00:12
1.1.1.2,2024-03-01 00:00:15
1.1.1.2,2024-03-01 00:00:18
1.1.1.2,2024-03-01 00:00:21
1.1.1.2,2024-03-01 00:00:24
1.1.1.2,2024-03-01 00:00:27
1.1.1.2,2024-03-01 00:00:30
1.1.1.2,2024-03-01 00:00:33
1.1.1.2,2024-03-01 00:00:36
1.1.1.2,2024-03-01 00:00:39
1.1.1.2,2024-03-01 00:00:42
1.1.1.2,2024-03-01 00:00:45
1.1.1.2,2024-03-01 00:00:48
1.1.1.2,2024-03-01 00:00:51
1.1.1.2,2024-03-01 00:00:54
1.1.1.2,2024-03-01 00:00:57
1.1.1.2,2024-03-01 00:01:00
1.1.1.2,2024-03-01 00:01:03
1.1.1.2,2024-03-01 00:01:06
1.1.1.2,2024-03-01 00:01:09
1.1.1.2,2024-03-01 00:01:12
1.1.1.2,2024-03-01 00:01:15
1.1.1.2,2024-03-01 00:01:18
1.1.1.2,2024-03-01 00:01:21
1.1.1.2,2024-03-01 00:01:24
1.1.1.2,2024-03-01 00:01:27
1.1.1.2,2024-03-01 00:01:30
1.1.1.2,2024-03-01 00:01:33
1.1.1.2,2024-03-01 00:01:36
1.1.1.2,2024-03-01 00:01:39
1.1.1.2,2024-03-01 00:01:42
1.1.1.2,2024-03-01 00:01:45
1.1.1.2,2024-03-01 00:01:48
1.1.1.2,2024-03-01 00:01:51
1.1.1.2,2024-03-01 00:01:54
1.1.1.2,2024-03-01 00:01:57
1.1.1.2,2024-03-01 00:02:00
1.1.1.2,2024-03-01 00:02:03
1.1.1.2,2024-03-01 00:02:06
1.1.1.2,2024-03-01 00:02:09
1.1.1.2,2024-03-01 00:02:12
1.1.1.2,2024-03-01 00:02:15
1.1.1.2,2024-03-01 00:02:18
1.1.1.2,2024-03-01 00:02:21
1.1.1.2,2024-03-01 00:02:24
1.1.1.2,2024-03-01 00:02:27
1.1.1.2,2024-03-01 00:02:30
1.1.1.2,2024-03-01 00:02:33
1.1.1.2,2024-03-01 00:02:36
1.1.1.2,2024-03-01 00:02:39
1.1.1.2,2024-03-01 00:02:42
1.1.1.2,2024-03-01 00:02:45
1.1.1.2,2024-03-01 00:02:48
1.1.1.2,2024-03-01 00:02:51
1.1.1.2,2024-03-01 00:02:54
1.1.1.2,2024-03-01 00:02:57
1.1.1.2,2024-03-01 00:03:00
1.1.1.2,2024-03-01 00:03:03
1.1.1.2,2024-03-01 00:03:06
1.1.1.2,2024-03-01 00:03:09
1.1.1.2,2024-03-01 00:03:12
1.1.1.2,2024-03-01 00:03:15
1.1.1.2,2024-03-01 00:03:18
1.1.1.2,2024-03-01 00:03:21
1.1.1.2,2024-03-01 00:03:24
1.1.1.2,2024-03-01 00:03:27
1.1.1.2,2024-03-01 00:03:30
1.1.1.2,2024-03-01 00:03:33
1.1.1.2,2024-03-01 00:03:36
1.1.1.2,2024-03-01 00:03:39
1.1.1.2,2024-03-01 00:03:42
1.1.1.2,2024-03-01 00:03:45
1.1.1.2,2024-03-01 00:03:48
1.1.1.2,2024-03-01 00:03:51
1.1.1.2,2024-03-01 00:03:54
1.1.1.2,2024-03-01 00:03:57
1.1.1.2,2024-03-01 00:04:00
1.1.1.2,2024-03-01 00:04:03
1.1.1.2,2024-03-01 00:04:06
1.1.1.2,2024-03-01 00:04:09
1.1.1.2,2024-03-01 00:04:12
1.1.1.2,2024-03-01 00:04:15
1.1.1.2,2024-03-01 00:04:18
1.1.1.2,2024-03-01 00:04:21
1.1.1.2,2024-03-01 00:04:24
1.1.1.2,2024-03-01 00:04:27
1.1.1.2,2024-03-01 00:04:30
1.1.1.2,2024-03-01 00:04:33
1.1.1.2,2024-03-01 00:04:36
1.1.1.2,2024-03-01 00:04:39
1.1.1.2,2024-03-01 00:04:42
1.1.1.2,2024-03-01 00:04:45
1.1.1.2,2024-03-01 00:04:48
1.1.1.2,2024-03-01 00:04:51
1.1.1.2,2024-03-01 00:04:54
1.1.1.2,2024-03-01 00:04:57
1.1.1.2,2024-03-01 00:05:00
1.1.1.2,2024-03-01 00:05:03
1.1.1.2,2024-03-01 00:05:06
1.1.1.2,2024-03-01 00:05:09
1.1.1.2,2024-03-01 00:05:12
1.1.1.2,2024-03-01 00:05:15
1.1.1.2,2024-03-01 00:05:18
1.1.1.2,2024-03-01 00:05:21
1.1.1.2,2024-03-01 00:05:24
1.1.1.2,2024-03-01 00:05:27
1.1.1.2,2024-03-01 00:05:30
1.1.1.2,2024-03-01 00:05:33
1.1.1.2,2024-03-01 00:05:36
1.1.1.2,2024-03-01 00:05:39
1.1.1.2,2024-03-01 00:05:42
1.1.1.2,2024-03-01 00:05:45
1.1.1.2,2024-03-01 00:05:48
1.1.1.2,2024-03-01 00:05:51
1.1.1.2,2024-03-01 00:05:54
1.1.1.2,2024-03-01 00:05:57
1.1.1.2,2024-03-01 00:06:00
1.1.1.2,2024-03-01 00:06:03
1.1.1.2,2024-03-01 00:06:06
1.1.1.2,2024-03-01 00:06:09
1.1.1.2,2024-03-01 00:06:12
1.1.1.2,2024-03-01 00:06:15
1.1.1.2,2024-03-01 00:06:18
1.1.1.2,2024-03-01 00:06:21
1.1.1.2,2024-03-01 00:06:24
1.1.1.2,2024-03-01 00:06:27
1.1.1.2,2024-03-01 00:06:30
1.1.1.2,2024-03-01 00:06:33
1.1.1.2,2024-03-01 00:06:36
1.1.1.2,2024-03-01 00:06:39
1.1.1.2,2024-03-01 00:06:42
1.1.1.2,2024-03-01 00:06:45
1.1.1.2,2024-03-01 00:06:48
1.1.1.2,2024-03-01 00:06:51
1.1.1.2,2024-03-01 00:06:54
1.1.1.2,2024-03-01 00:06:57
1.1.1.2,2024-03-01 00:07:00
1.1.1.2,2024-03-01 00:07:03
1.1.1.2,2024-03-01 00:07:06
1.1.1.2,2024-03-01 00:07:09
1.1.1.2,2024-03-01 00:07:12
1.1.1.2,2024-03-01 00:07:15
1.1.1.2,2024-03-01 00:07:18
1.1.1.2,2024-03-01 00:07:21
1.1.1.2,2024-03-01 00:07:24
1.1.1.2,2024-03-01 00:07:27
1.1.1.2,2024-03-01 00:07:30
1.1.1.2,2024-03-01 00:07:33
1.1.1.2,2024-03-01 00:07:36
1.1.1.2,2024-03-01 00:07:39
1.1.1.2,2024-03-01 00:07:42
1.1.1.2,2024-03-01 00:07:45
1.1.1.2,2024-03-01 00:07:48
1.1.1.2,2024-03-01 00:07:51
1.1.1.2,2024-03-01 00:07:54
1.1.1.2,2024-03-01 00:07:57
1.1.1.2,2024-03-01 00:08:00
1.1.1.2,2024-03-01 00:08:03
1.1.1.2,2024-03-01 00:08:06
1.1.1.2,2024-03-01 00:08:09
1.1.1.2,2024-03-01 00:08:12
1.1.1.2,2024-03-01 00:08:15
1.1.1.2,2024-03-01 00:08:18
1.1.1.2,2024-03-01 00:08:21
1.1.1.2,2024-03-01 00:08:24
1.1.1.2,2024-03-01 00:08:27
1.1.1.2,2024-03-01 00:08:30
1.1.1.2,2024-03-01 00:08:33
1.1.1.2,2024-03-01 00:08:36
1.1.1.2,2024-03-01 00:08:39
1.1.1.2,2024-03-01 00:08:42
1.1.1.2,2024-03-01 00:08:45
1.1.1.2,2024-03-01 00:08:48
1.1.1.2,2024-03-01 00:08:51
1.1.1.2,2024-03-01 00:08:54
1.1.1.2,2024-03-01 00:08:57
1.1.1.2,2024-03-01 00:09:00
1.1.1.2,2024-03-01 00:09:03
1.1.1.2,2024-03-01 00:09:06
1.1.1.2,2024-03-01 00:09:09
1.1.1.2,2024-03-01 00:09:12
1.1.1.2,2024-03-01 00:09:15
1.1.1.2,2024-03-01 00:09:18
1.1.1.2,2024-03-01 00:09:21
1.1.1.2,2024-03-01 00:09:24
1.1.1.2,2024-03-01 00:09:27
1.1.1.2,2024-03-01 00:09:30
1.1.1.2,2024-03-01 00:09:33
1.1.1.2,2024-03-01 00:09:36
1.1.1.2,2024-03-01 00:09:39
1.1.1.2,2024-03-01 00:09:42
1.1.1.2,2024-03-01 00:09:45
1.1.1.2,2024-03-01 00:09:48
1.1.1.2,2024-03-01 00:09:51
1.1.1.2,2024-03-01 00:09:54
1.1.1.2,2024-03-01 00:09:57
1.1.1.2,2024-03-01 00:10:00
1.1.1.2,2024-03-01 00:10:03
1.1.1.2,2024-03-01 00:10:06
1.1.1.2,2024-03-01 00:10:09
1.1.1.2,2024-03-01 00:10:12
1.1.1.2,2024-03-01 00:10:15
1.1.1.2,2024-03-01 00:10:18
1.1.1.2,2024-03-01 00:10:21
1.1.1.2,2024-03-01 00:10:24
1.1.1.2,2024-03-01 00:10:27
1.1.1.2,2024-03-01 00:10:30
1.1.1.2,2024-03-01 00:10:33
1.1.1.2,2024-03-01 00:10:36
1.1.1.2,2024-03-01 00:10:39
1.1.1.2,2024-03-01 00:10:42
1.1.1.2,2024-03-01 00:10:45
1.1.1.2,2024-03-01 00:10:48
1.1.1.2,2024-03-01 00:10:51
1.1.1.2,2024-03-01 00:10:54
1.1.1.2,2024-03-01 00:10:57
1.1.1.2,2024-03-01 00:11:00
1.1.1.2,2024-03-01 00:11:03
1.1.1.2,2024-03-01 00:11:06
1.1.1.2,2024-03-01 00:11:09
1.1.1.2,2024-03-01 00:11:12
1.1.1.2,2024-03-01 00:11:15
1.1.1.2,2024-03-01 00:11:18
1.1.1.2,2024-03-01 00:11:21
1.1.1.2,2024-03-01 00:11:24
1.1.1.2,2024-03-01 00:11:27
1.1.1.2,2024-03-01 00:11:30
1.1.1.2,2024-03-01 00:11:33
1.1.1.2,2024-03-01 00:11:36
1.1.1.2,2024-03-01 00:11:39
1.1.1.2,2024-03-01 00:11:42
1.1.1.2,2024-03-01 00:11:45
1.1.1.2,2024-03-01 00:11:48
1.1.1.2,2024-03-01 00:11:51
1.1.1.2,2024-03-01 00:11:54
1.1.1.2,2024-03-01 00:11:57
1.1.1.2,2024-03-01 00:12:00
1.1.1.2,2024-03-01 00:12:03
1.1.1.2,2024-03-01 00:12:06
1.1.1.2,2024-03-01 00:12:09
1.1.1.2,2024-03-01 00:12:12
1.1.1.2,2024-03-01 00:12:15
1.1.1.2,2024-03-01 00:12:18
1.1.1.2,2024-03-01 00:12:21
1.1.1.2,2024-03-01 00:12:24
1.1.1.2,2024-03-01 00:12:27
1.1.1.2,2024-03-01 00:12:30
1.1.1.2,2024-03-01 00:12:33
1.1.1.2,2024-03-01 00:12:36
1.1.1.2,2024-03-01 00:12:39
1.1.1.2,2024-03-01 00:12:42
1.1.1.2,2024-03-01 00:12:45
1.1.1.2,2024-03-01 00:12:48
1.1.1.2,2024-03-01 00:12:51
1.1.1.2,2024-03-01 00:12:54
1.1.1.2,2024-03-01 00:12:57
1.1.1.2,2024-03-01 00:13:00
1.1.1.2,2024-03-01 00:13:03
1.1.1.2,2024-03-01 00:13:06
1.1.1.2,2024-03-01 00:13:09
1.1.1.2,2024-03-01 00:13:12
1.1.1.2,2024-03-01 00:13:15
1.1.1.2,2024-03-01 00:13:18
1.1.1.2,2024-03-01 00:13:21
1.1.1.2,2024-03-01 00:13:24
1.1.1.2,2024-03-01 00:13:27
1.1.1.2,2024-03-01 00:13:30
1.1.1.2,2024-03-01 00:13:33
1.1.1.2,2024-03-01 00:13:36
1.1.1.2,2024-03-01 00:13:39
1.1.1.2,2024-03-01 00:13:42
1.1.1.2,2024-03-01 00:13:45
1.1.1.2,2024-03-01 00:13:48
1.1.1.2,2024-03-01 00:13:51
1.1.1.2,2024-03-01 00:13:54
1.1.1.2,2024-03-01 00:13:57
1.1.1.2,2024-03-01 00:14:00
1.1.1.2,2024-03-01 00:14:03
1.1.1.2,2024-03-01 00:14:06
1.1.1.2,2024-03-01 00:14:09
1.1.1.2,2024-03-01 00:14:12
1.1.1.2,2024-03-01 00:14:15
1.1.1.2,2024-03-01 00:14:18
1.1.1.2,2024-03-01 00:14:21
1.1.1.2,2024-03-01 00:14:24
1.1.1.2,2024-03-01 00:14:27
1.1.1.2,2024-03-01 00:14:30
1.1.1.2,2024-03-01 00:14:33
1.1.1.2,2024-03-01 00:14:36
1.1.1.2,2024-03-01 00:14:39
1.1.1.2,2024-03-01 00:14:42
1.1.1.2,2024-03-01 00:14:45
1.1.1.2,2024-03-01 00:14:48
1.1.1.2,2024-03-01 00:14:51
1.1.1.2,2024-03-01 00:14:54
1.1.1.2,2024-03-01 00:14:57
1.1.1.2,2024-03-01 00:15:00
1.1.1.2,2024-03-01 00:15:03
1.1.1.2,2024-03-01 00:15:06
1.1.1.2,2024-03-01 00:15:09
1.1.1.2,2024-03-01 00:15:12
1.1.1.2,2024-03-01 00:15:15
1.1.1.2,2024-03-01 00:15:18
1.1.1.2,2024-03-01 00:15:21
1.1.1.2,2024-03-01 00:15:24
1.1.1.2,2024-03-01 00:15:27
1.1.1.2,2024-03-01 00:15:30
1.1.1.2,2024-03-01 00:15:33
1.1.1.2,2024-03-01 00:15:36
1.1.1.2,2024-03-01 00:15:39
1.1.1.2,2024-03-01 00:15:42
1.1.1.2,2024-03-01 00:15:45
1.1.1.2,2024-03-01 00:15:48
1.1.1.2,2024-03-01 00:15:51
1.1.1.2,2024-03-01 00:15:54
1.1.1.2,2024-03-01 00:15:57
1.1.1.2,2024-03-01 00:16:00
1.1.1.2,2024-03-01 00:16:03
1.1.1.2,2024-03-01 00:16:06
1.1.1.2,2024-03-01 00:16:09
1.1.1.2,2024-03-01 00:16:12
1.1.1.2,2024-03-01 00:16:15
1.1.1.2,2024-03-01 00:16:18
1.1.1.2,2024-03-01 00:16:21
1.1.1.2,2024-03-01 00:16:24
1.1.1.2,2024-03-01 00:16:27
1.1.1.2,2024-03-01 00:16:30
1.1.1.2,2024-03-01 00:16:33
1.1.1.2,2024-03-01 00:16:36
1.1.1.2,2024-03-01 00:16:39
1.1.1.2,2024-03-01 00:16:42
1.1.1.2,2024-03-01 00:16:45
1.1.1.2,2024-03-01 00:16:48
1.1.1.2,2024-03-01 00:16:51
1.1.1.2,2024-03-01 00:16:54
1.1.1.2,2024-03-01 00:16:57
1.1.1.2,2024-03-01 00:17:00
1.1.1.2,2024-03-01 00:17:03
1.1.1.2,2024-03-01 00:17:06
1.1.1.2,2024-03-01 00:17:09
1.1.1.2,2024-03-01 00:17:12
1.1.1.2,2024-03-01 00:17:15
1.1.1.2,2024-03-01 00:17:18
1.1.1.2,2024-03-01 00:17:21
1.1.1.2,2024-03-01 00:17:24
1.1.1.2,2024-03-01 00:17:27
1.1.1.2,2024-03-01 00:17:30
1.1.1.2,2024-03-01 00:17:33
1.1.1.2,2024-03-01 00:17:36
1.1.1.2,2024-03-01 00:17:39
1.1.1.2,2024-03-01 00:17:42
1.1.1.2,2024-03-01 00:17:45
1.1.1.2,2024-03-01 00:17:48
1.1.1.2,2024-03-01 00:17:51
1.1.1.2,2024-03-01 00:17:54
1.1.1.2,2024-03-01 00:17:57
1.1.1.2,2024-03-01 00:18:00
1.1.1.2,2024-03-01 00:18:03
1.1.1.2,2024-03-01 00:18:06
1.1.1.2,2024-03-01 00:18:09
1.1.1.2,2024-03-01 00:18:12
1.1.1.2,2024-03-01 00:18:15
1.1.1.2,2024-03-01 00:18:18
1.1.1.2,2024-03-01 00:18:21
1.1.1.2,2024-03-01 00:18:24
1.1.1.2,2024-03-01 00:18:27
1.1.1.2,2024-03-01 00:18:30
1.1.1.2,2024-03-01 00:18:33
1.1.1.2,2024-03-01 00:18:36
1.1.1.2,2024-03-01 00:18:39
1.1.1.2,2024-03-01 00:18:42
1.1.1.2,2024-03-01 00:18:45
1.1.1.2,2024-03-01 00:18:48
1.1.1.2,2024-03-01 00:18:51
1.1.1.2,2024-03-01 00:18:54
1.1.1.2,2024-03-01 00:18:57
1.1.1.2,2024-03-01 00:19:00
1.1.1.2,2024-03-01 00:19:03
1.1.1.2,2024-03-01 00:19:06
1.1.1.2,2024-03-01 00:19:09
1.1.1.2,2024-03-01 00:19:12
1.1.1.2,2024-03-01 00:19:15
1.1.1.2,2024-03-01 00:19:18
1.1.1.2,2024-03-01 00:19:21
1.1.1.2,2024-03-01 00:19:24
1.1.1.2,2024-03-01 00:19:27
1.1.1.2,2024-03-01 00:19:30
1.1.1.2,2024-03-01 00:19:33
1.1.1.2,2024-03-01 00:19:36
1.1.1.2,2024-03-01 00:19:39
1.1.1.2,2024-03-01 00:19:42
1.1.1.2,2024-03-01 00:19:45
1.1.1.2,2024-03-01 00:19:48
1.1.1.2,2024-03-01 00:19:51
1.1.1.2,2024-03-01 00:19:54
1.1.1.2,2024-03-01 00:19:57
1.1.1.2,2024-03-01 00:20:00
1.1.1.2,2024-03-01 00:20:03
1.1.1.2,2024-03-01 00:20:06
1.1.1.2,2024-03-01 00:20:09
1.1.1.2,2024-03-01 00:20:12
1.1.1.2,2024-03-01 00:20:15
1.1.1.2,2024-03-01 00:20:18
1.1.1.2,2024-03-01 00:20:21
1.1.1.2,2024-03-01 00:20:24
1.1.1.2,2024-03-01 00:20:27
1.1.1.2,2024-03-01 00:20:30
1.1.1.2,2024-03-01 00:20:33
1.1.1.2,2024-03-01 00:20:36
1.1.1.2,2024-03-01 00:20:39
1.1.1.2,2024-03-01 00:20:42
1.1.1.2,2024-03-01 00:20:45
1.1.1.2,2024-03-01 00:20:48
1.1.1.2,2024-03-01 00:20:51
1.1.1.2,2024-03-01 00:20:54
1.1.1.2,2024-03-01 00:20:57
1.1.1.2,2024-03-01 00:21:00
1.1.1.2,2024-03-01 00:21:03
1.1.1.2,2024-03-01 00:21:06
1.1.1.2,2024-03-01 00:21:09
1.1.1.2,2024-03-01 00:21:12
1.1.1.2,2024-03-01 00:21:15
1.1.1.2,2024-03-01 00:21:18
1.1.1.2,2024-03-01 00:21:21
1.1.1.2,2024-03-01 00:21:24
1.1.1.2,2024-03-01 00:21:27
1.1.1.2,2024-03-01 00:21:30
1.1.1.2,2024-03-01 00:21:33
1.1.1.2,2024-03-01 00:21:36
1.1.1.2,2024-03-01 00:21:39
1.1.1.2,2024-03-01 00:21:42
1.1.1.2,2024-03-01 00:21:45
1.1.1.2,2024-03-01 00:21:48
1.1.1.2,2024-03-01 00:21:51
1.1.1.2,2024-03-01 00:21:54
1.1.1.2,2024-03-01 00:21:57
1.1.1.2,2024-03-01 00:22:00
1.1.1.2,2024-03-01 00:22:03
1.1.1.2,2024-03-01 00:22:06
1.1.1.2,2024-03-01 00:22:09
1.1.1.2,2024-03-01 00:22:12
1.1.1.2,2024-03-01 00:22:15
1.1.1.2,2024-03-01 00:22:18
1.1.1.2,2024-03-01 00:22:21
1.1.1.2,2024-03-01 00:22:24
1.1.1.2,2024-03-01 00:22:27
1.1.1.2,2024-03-01 00:22:30
1.1.1.2,2024-03-01 00:22:33
1.1.1.2,2024-03-01 00:22:36
1.1.1.2,2024-03-01 00:22:39
1.1.1.2,2024-03-01 00:22:42
1.1.1.2,2024-03-01 00:22:45
1.1.1.2,2024-03-01 00:22:48
1.1.1.2,2024-03-01 00:22:51
1.1.1.2,2024-03-01 00:22:54
1.1.1.2,2024-03-01 00:22:57
1.1.1.2,2024-03-01 00:23:00
1.1.1.2,2024-03-01 00:23:03
1.1.1.2,2024-03-01 00:23:06
1.1.1.2,2024-03-01 00:23:09
1.1.1.2,2024-03-01 00:23:12
1.1.1.2,2024-03-01 00:23:15
1.1.1.2,2024-03-01 00:23:18
1.1.1.2,2024-03-01 00:23:21
1.1.1.2,2024-03-01 00:23:24
1.1.1.2,2024-03-01 00:23:27
1.1.1.2,2024-03-01 00:23:30
1.1.1.2,2024-03-01 00:23:33
1.1.1.2,2024-03-01 00:23:36
1.1.1.2,2024-03-01 00:23:39
1.1.1.2,2024-03-01 00:23:42
1.1.1.2,2024-03-01 00:23:45
1.1.1.2,2024-03-01 00:23:48
1.1.1.2,2024-03-01 00:23:51
1.1.1.2,2024-03-01 00:23:54
1.1.1.2,2024-03-01 00:23:57
1.1.1.2,2024-03-01 00:24:00
1.1.1.2,2024-03-01 00:24:03
1.1.1.2,2024-03-01 00:24:06
1.1.1.2,2024-03-01 00:24:09
1.1.1.2,2024-03-01 00:24:12
1.1.1.2,2024-03-01 00:24:15
1.1.1.2,2024-03-01 00:24:18
1.1.1.2,2024-03-01 00:24:21
1.1.1.2,2024-03-01 00:24:24
1.1.1.2,2024-03-01 00:24:27
1.1.1.2,2024-03-01 00:24:30
1.1.1.2,2024-03-01 00:24:33
1.1.1.2,2024-03-01 00:24:36
1.1.1.2,2024-03-01 00:24:39
1.1.1.2,2024-03-01 00:24:42
1.1.1.2,2024-03-01 00:24:45
1.1.1.2,2024-03-01 00:24:48
1.1.1.2,2024-03-01 00:24:51
1.1.1.2,2024-03-01 00:24:54
1.1.1.2,2024-03-01 00:24:57
